IdProducto,Nombre,Precio,RutaImagen
0,Porta Laptop Rodante Us Urban Es0003 Negro,2231,https://http2.mlstatic.com/D_NQ_NP_878712-MLU72164524130_102023-W.webp
1,Maleta Deportiva Isa Salchicha Miguel Petacas,133,https://http2.mlstatic.com/D_NQ_NP_915411-MLM73242810785_122023-W.webp
2,Maleta Deportiva Vic Salchicha Grande Miguel Petacas,230,https://http2.mlstatic.com/D_NQ_NP_816394-MLM70220619162_062023-W.webp
3,Bolso pequeño negro Samsonite Varro| color negro,5599,https://http2.mlstatic.com/D_NQ_NP_881597-MLU73785505554_012024-W.webp
4,Maleta Jon 8981 24 Negro,1610,https://http2.mlstatic.com/D_NQ_NP_775994-MLM53950938005_022023-W.webp
5,Porta Laptop Rodante Us Urban Es0003 Negro,2231,https://http2.mlstatic.com/D_NQ_NP_878712-MLU72164524130_102023-W.webp
6,Funda negra grande Samsonite Varro Black,6999,https://http2.mlstatic.com/D_NQ_NP_967008-MLU74810291404_032024-W.webp
7,Maleta De Cabina Jon 003 20 Verde,1277,https://http2.mlstatic.com/D_NQ_NP_862979-MLM69703529192_052023-W.webp
8,Maleta Deportiva Vic Salchicha Jumbo Miguel Petacas,317,https://http2.mlstatic.com/D_NQ_NP_798348-MLM70044808392_062023-W.webp
9,Maleta Samsonite Varro Mediana Color Azul Lisa,6599,https://http2.mlstatic.com/D_NQ_NP_694497-MLU72675481276_112023-W.webp
10,Maleta Deportiva Totto Tula Bungee 2310-n01s Negra,719,https://http2.mlstatic.com/D_NQ_NP_917093-MLM70906436232_082023-W.webp
11,Maleta Acuario Expandible Jumbo Miguel Petacas,621,https://http2.mlstatic.com/D_NQ_NP_736549-MLM69082625531_042023-W.webp
12,Maleta Jon 8981 28 Morado,1898,https://http2.mlstatic.com/D_NQ_NP_904729-MLM50530117078_062022-W.webp
13,Maleta De Cabina Jon 8981 18 Morado,1266,https://http2.mlstatic.com/D_NQ_NP_873949-MLM50530025430_062022-W.webp
14,Maleta Jon 8981 28 Gris,1898,https://http2.mlstatic.com/D_NQ_NP_659074-MLM74523010781_022024-W.webp
15,Maleta Jony Z-01 20 De Plástico Pp Color Rosa,1380,https://http2.mlstatic.com/D_NQ_NP_984880-MLM72394551590_102023-W.webp
16,Maleta Jon 035 28 Negra,1380,https://http2.mlstatic.com/D_NQ_NP_938467-MLM74486076974_022024-W.webp
17,Maletín Piloto Vendedor Mediano Con 3 Marca Miguel Petacas D,3623,https://http2.mlstatic.com/D_NQ_NP_741096-MLM50743017648_072022-W.webp
18,Portafolio Dueñas 2 Cierres T6 39x26 Miguel Petacas,199,https://http2.mlstatic.com/D_NQ_NP_992273-MLM49145001890_022022-W.webp
19,Mochila K-swiss Shield Neg Negro,779,https://http2.mlstatic.com/D_NQ_NP_941821-MLU71969499102_092023-W.webp
20,Monedero Silvia Tacón Mediano,100,https://http2.mlstatic.com/D_NQ_NP_994710-MLM44221684981_122020-W.webp
21,Maleta Jon 029 24 Rosa Claro,1380,https://http2.mlstatic.com/D_NQ_NP_879857-MLM48561512875_122021-W.webp
22,Maleta De Cabina Jon 029 18 Verde,1105,https://http2.mlstatic.com/D_NQ_NP_720536-MLM48559070227_122021-W.webp
23,Maleta Jon Z10 24 Negro,1185,https://http2.mlstatic.com/D_NQ_NP_982234-MLM74560077811_022024-W.webp
24,Maleta De Cabina Jon Z10 20 Amarillo,989,https://http2.mlstatic.com/D_NQ_NP_819518-MLM74438250564_022024-W.webp
25,Maleta Jon 029 28 Verde,1553,https://http2.mlstatic.com/D_NQ_NP_875079-MLM48561519712_122021-W.webp
26,Maleta Jon 893 28 Gris,1898,https://http2.mlstatic.com/D_NQ_NP_947310-MLM72392829870_102023-W.webp
27,Maleta Jon 003 24 Plata,1380,https://http2.mlstatic.com/D_NQ_NP_908348-MLM69931306952_062023-W.webp
28,Maleta Jon 003 28 Verde,1553,https://http2.mlstatic.com/D_NQ_NP_985943-MLM48802920604_012022-W.webp
29,Maleta Jon 003 28 Plata,1553,https://http2.mlstatic.com/D_NQ_NP_717198-MLM49156129058_022022-W.webp
30,Maleta De Cabina Jon 8981 18 Gris,1266,https://http2.mlstatic.com/D_NQ_NP_954844-MLM74523018571_022024-W.webp
31,Maleta De Cabina Jon Z-01 20 Rosa Claro,1380,https://http2.mlstatic.com/D_NQ_NP_945893-MLM72461829495_102023-W.webp
32,Maleta Jon 8981 24 Morado,1610,https://http2.mlstatic.com/D_NQ_NP_619238-MLM50530115142_062022-W.webp
33,Maleta De Cabina Jon Z10 18 Gris,892,https://http2.mlstatic.com/D_NQ_NP_755362-MLM74560115933_022024-W.webp
34,Maleta De Cabina Jon 029 18 Negra,1105,https://http2.mlstatic.com/D_NQ_NP_968406-MLM48559069094_122021-W.webp
35,Maleta De Cabina Jon 003 18 Verde,1105,https://http2.mlstatic.com/D_NQ_NP_903035-MLM70083349733_062023-W.webp
36,Maleta De Cabina Jon 893 20 Azul,1380,https://http2.mlstatic.com/D_NQ_NP_836888-MLM72460922371_102023-W.webp
37,Maleta De Cabina Jon 8981 20 Rojo,1564,https://http2.mlstatic.com/D_NQ_NP_933880-MLM50530030263_062022-W.webp
38,Cartera Pantoja Porta Credencial Miguel Petacas,67,https://http2.mlstatic.com/D_NQ_NP_727827-MLM54625339158_032023-W.webp
39,Maleta pequeña azul Samsonite Varro,4997,https://http2.mlstatic.com/D_NQ_NP_810448-MLU71526042583_092023-W.webp
40,Maleta Jon 029 24 Negra,1380,https://http2.mlstatic.com/D_NQ_NP_711891-MLM48561510737_122021-W.webp
41,Maleta Jon 023 24 Verde,1380,https://http2.mlstatic.com/D_NQ_NP_656000-MLM49121405625_022022-W.webp
42,Maleta De Cabina Jon 5832 18 Verde,1105,https://http2.mlstatic.com/D_NQ_NP_882753-MLM48186039886_112021-W.webp
43,Maleta Jon 029 28 Morado,1553,https://http2.mlstatic.com/D_NQ_NP_601715-MLM48562258541_122021-W.webp
44,Maleta De Cabina Samsonite Varro 20 Azul,4997,https://http2.mlstatic.com/D_NQ_NP_991117-MLM73440905691_122023-W.webp
45,Maleta De Cabina Jon 893 20 Gris,1380,https://http2.mlstatic.com/D_NQ_NP_864683-MLM72460958729_102023-W.webp
46,Maleta Jony Z-01 20 De Plástico Pp Color Vino,1380,https://http2.mlstatic.com/D_NQ_NP_857454-MLM72394552574_102023-W.webp
47,Maleta De Cabina Jon 029 18 Plata,1105,https://http2.mlstatic.com/D_NQ_NP_743317-MLM48559070492_122021-W.webp
48,Maleta Jony Z-01 18,1266,https://http2.mlstatic.com/D_NQ_NP_642649-MLM72461663141_102023-W.webp
49,Portafolio 2 Cierres T2 25x16 Marca Miguel Petacas De Vinil,133,https://http2.mlstatic.com/D_NQ_NP_865261-MLM44220134843_122020-W.webp
50,Maleta De Cabina Jon 003 20 Dorada,1277,https://http2.mlstatic.com/D_NQ_NP_649641-MLM69703519062_052023-W.webp
51,Maleta De Cabina Jon 003 20 Morado,1277,https://http2.mlstatic.com/D_NQ_NP_950654-MLM72395183236_102023-W.webp
52,Maleta Jony Z-01 18 De Plástico Pp Color Rosa,1266,https://http2.mlstatic.com/D_NQ_NP_753374-MLM72461632127_102023-W.webp
53,Mochila Skv B21295 Azul,696,https://http2.mlstatic.com/D_NQ_NP_633238-MLM68923963505_042023-W.webp
